First Name,Last Name,Date of Birth,Salary,KPI,Experience,Level,Position
Katherine,Carney,1999-08-09,72179,100,12,Senior,HR Manager
David,Evans,1972-08-11,52517,96,1,Senior,Sales Executive
Charles,Coleman,1973-01-26,65140,87,18,Senior,Data Analyst
Mary,Fletcher,1979-08-30,75868,95,18,Mid,Software Engineer
Ryan,Acevedo,1975-07-05,95038,86,4,Senior,Sales Executive
Amy,Young,1985-08-26,94292,79,10,Junior,HR Manager
Andrew,Roman,1980-05-04,62914,60,16,Junior,Data Analyst
Curtis,Hunter,1995-12-26,74066,89,12,Mid,HR Manager
Susan,Howe,1996-03-26,60365,66,14,Junior,Sales Executive
Wendy,Duarte,1999-08-01,60430,88,2,Mid,Software Engineer
Meagan,Stephens,1996-02-29,97703,75,9,Junior,Data Analyst
David,Rivera,1968-04-15,80441,69,12,Mid,Sales Executive
Laura,Smith,1975-11-16,71205,94,19,Mid,Software Engineer
Elizabeth,Keller,1993-12-20,85673,89,15,Junior,HR Manager
James,Rodriguez,1969-07-22,80133,60,13,Senior,Data Analyst
Aaron,Ruiz,1971-06-05,82506,87,17,Senior,Data Analyst
Ashley,Hill,1982-06-19,68790,69,11,Mid,Marketing Specialist
Heather,Miller,1997-08-09,78485,78,15,Junior,Project Manager
Michael,Hernandez,1976-06-09,71142,84,3,Junior,Software Engineer
Carrie,Rivera,1981-12-17,53546,86,20,Mid,Data Analyst
Jesse,Hernandez,1966-05-31,77186,74,15,Mid,Data Analyst
Frank,Wells,1982-11-03,55314,72,14,Junior,Software Engineer
Kathryn,Flynn,1970-04-25,71009,81,6,Senior,Software Engineer
Kaitlyn,Baker,1970-08-24,78098,77,4,Junior,Project Manager
Jasmine,Wright,1999-09-11,55564,95,18,Junior,Marketing Specialist
Andrea,Dorsey,1994-10-28,73215,91,4,Mid,Sales Executive
Cynthia,Quinn,1994-12-14,79046,97,17,Mid,Software Engineer
Julie,Johnston,1967-08-31,98795,78,5,Junior,HR Manager
Steven,Smith,1997-05-11,84922,64,1,Senior,Data Analyst
Stephen,Barron,1979-03-02,50900,100,18,Senior,Software Engineer
Vanessa,Moran,1994-07-24,89028,91,13,Junior,Sales Executive
Nicholas,Henderson,1967-11-28,87028,84,17,Senior,Marketing Specialist
Travis,Bullock,1971-12-24,82959,82,11,Mid,Software Engineer
Linda,Jackson,1994-05-10,67351,73,18,Mid,Software Engineer
Justin,Khan,1998-09-25,66620,63,1,Junior,Project Manager
Chad,Valencia,1981-04-24,61798,61,15,Mid,Sales Executive
Carol,Richmond,1987-05-25,80339,68,10,Senior,HR Manager
Thomas,Thompson,1985-09-17,76589,95,15,Senior,Sales Executive
Julie,Jones,1975-10-19,57785,81,15,Senior,Data Analyst
Brandon,Torres,1982-05-30,60914,66,17,Junior,Sales Executive
David,Smith,1978-11-27,75741,60,17,Mid,Software Engineer
Laura,Owens,1995-10-05,77093,91,14,Mid,HR Manager
Laura,Gallagher,1996-09-25,57600,66,20,Senior,Data Analyst
Caleb,Suarez,1987-10-30,69304,63,20,Junior,Software Engineer
Jessica,Wright,1970-01-24,66579,65,1,Senior,Project Manager
William,Wood,1994-05-16,57673,94,20,Senior,Marketing Specialist
Rachel,Johnson,1970-09-25,69113,85,6,Mid,HR Manager
Rachel,Hayes,1971-02-13,99020,96,15,Mid,Marketing Specialist
Michael,White,1984-01-25,79198,65,2,Mid,Marketing Specialist
Michael,Mann,1993-06-15,84249,93,8,Junior,Data Analyst
Mark,Schultz,1965-09-10,58442,72,4,Junior,Sales Executive
Emily,Ferrell,1988-02-13,52023,69,7,Senior,HR Manager
Wendy,Conrad,1967-05-29,56857,84,5,Senior,Software Engineer
Felicia,Smith,1965-08-03,77385,62,13,Senior,Software Engineer
Juan,Turner,1994-03-08,91277,67,13,Mid,Marketing Specialist
Jill,Lee,1973-06-07,84834,68,15,Mid,Sales Executive
Curtis,Arnold,1975-05-11,58906,95,3,Junior,Sales Executive
Stacey,Drake,1984-12-28,79620,90,17,Mid,Software Engineer
Tamara,Kane,1980-08-17,86431,71,14,Junior,Software Engineer
William,Johnson,1996-07-29,51781,90,10,Junior,Marketing Specialist
Cathy,Hanson,1981-01-27,53587,74,8,Senior,Project Manager
Nicole,Baker,1969-05-12,79832,99,19,Senior,Project Manager
Shelley,Lamb,1990-12-25,59726,86,10,Senior,Software Engineer
Kimberly,Flores,1993-07-17,72431,66,20,Junior,Project Manager
Whitney,Barnes,1993-05-10,54406,89,14,Senior,HR Manager
Stephen,Holt,1987-11-10,57086,77,4,Junior,Data Analyst
Lori,Dean,1995-03-11,74211,81,4,Mid,Data Analyst
Robert,Levy,1975-09-28,85467,86,15,Junior,Sales Executive
Roberta,Taylor,1983-05-12,63177,86,8,Mid,Marketing Specialist
John,Schmidt,1998-01-25,51988,87,6,Senior,Marketing Specialist
Jennifer,Lopez,1981-06-30,62517,82,14,Junior,Marketing Specialist
Mary,Green,1986-09-18,70069,78,13,Senior,Software Engineer
Kristin,Espinoza,1993-11-13,79655,72,14,Junior,Data Analyst
Bryan,Cruz,1993-06-25,54324,81,4,Junior,Data Analyst
Garrett,Green,1991-10-22,94639,76,7,Senior,HR Manager
Jose,Fields,1998-12-17,63669,74,14,Junior,Marketing Specialist
Heather,Pope,1981-02-20,96963,73,10,Mid,HR Manager
John,Poole,1989-01-09,54407,79,18,Mid,Software Engineer
Natalie,Olson,1985-07-31,93918,94,4,Junior,Sales Executive
Chelsey,Wright,1964-03-26,97499,68,7,Senior,Software Engineer
Victoria,Collins,1982-12-30,65057,98,4,Senior,HR Manager
Tina,Church,1966-01-05,92485,73,18,Senior,Software Engineer
Alicia,Ramirez,1981-09-02,84282,83,3,Senior,Data Analyst
Amy,Luna,1987-11-15,55729,78,11,Senior,Data Analyst
Raymond,Moore,1997-11-12,72043,85,19,Mid,HR Manager
Kristin,Castillo,1972-10-04,74157,72,6,Junior,Sales Executive
William,Davis,1972-03-04,69030,84,4,Mid,HR Manager
Tammie,Hartman,1987-12-18,77802,74,1,Junior,Software Engineer
Christian,Hernandez,1985-08-28,64264,79,9,Mid,Data Analyst
Harold,Garza,1984-10-31,84960,97,7,Mid,Sales Executive
Jason,Young,1965-02-05,98226,91,14,Senior,Marketing Specialist
John,Austin,1994-07-07,90731,65,20,Senior,Marketing Specialist
Erin,Lawson,1998-08-24,67235,75,9,Senior,Software Engineer
Danielle,Solis,1965-09-09,62341,86,10,Senior,Project Manager
Emily,Armstrong,1966-03-30,74733,85,11,Junior,Project Manager
Brian,Brown,1988-01-06,83036,81,10,Senior,Sales Executive
Patricia,Bond,1970-05-19,88962,90,15,Junior,Data Analyst
Alison,Nelson,1973-09-14,96472,84,7,Junior,Project Manager
Tyler,Diaz,1996-10-01,89559,98,5,Junior,HR Manager
Thomas,Taylor,1989-03-05,80373,62,19,Senior,Sales Executive
Tyler,Carroll,1979-11-08,64661,72,13,Junior,Data Analyst
Nicholas,Gonzales,1969-06-16,52233,70,17,Mid,Software Engineer
Regina,Juarez,1968-07-28,51544,67,6,Senior,Sales Executive
Amy,Mcintyre,1992-11-12,68365,81,13,Senior,Sales Executive
Roy,Sharp,1999-04-26,84387,60,12,Mid,Data Analyst
Andrea,Davis,1971-01-15,79631,87,7,Mid,Software Engineer
Emily,Stone,1978-12-05,64984,97,20,Senior,Data Analyst
Michael,Brown,1965-12-04,66802,91,1,Mid,Data Analyst
Denise,Mathis,1973-09-02,98042,64,17,Junior,Data Analyst
Frances,Mullen,1969-04-24,89304,61,18,Junior,Data Analyst
Brittany,Peterson,1980-02-08,95312,69,11,Junior,Software Engineer
Kristina,Middleton,1999-04-19,50148,89,10,Senior,Marketing Specialist
Joseph,Mosley,1993-03-06,71726,65,6,Mid,Project Manager
Kara,Huber,1983-01-20,93042,88,12,Mid,Sales Executive
John,Diaz,1967-12-03,96796,60,4,Junior,Project Manager
Steven,Benton,1981-08-09,64345,76,16,Junior,Sales Executive
William,Livingston,1971-12-23,71747,75,20,Mid,HR Manager
Javier,Williams,1982-08-09,52126,95,1,Junior,Marketing Specialist
Jennifer,Simpson,1983-05-24,70753,65,18,Senior,Sales Executive
Kathryn,Lara,1977-12-06,87924,79,14,Junior,Project Manager
Samantha,Gibson,1994-05-19,67723,95,14,Senior,Data Analyst
Keith,Ferguson,1978-05-01,79710,83,7,Junior,Marketing Specialist
Kenneth,Rubio,1980-06-02,65331,70,10,Mid,Data Analyst
Joshua,Bass,1989-12-15,50070,74,11,Mid,Project Manager
Latoya,Cuevas,1974-03-30,72806,88,3,Junior,Project Manager
Samuel,Harper,1965-03-16,75027,84,3,Mid,Marketing Specialist
Roger,Stevens,1976-09-11,79762,81,8,Junior,Project Manager
Michelle,Carrillo,1975-07-06,62472,90,17,Senior,HR Manager
Michael,Andrews,1979-11-17,83494,92,8,Senior,Software Engineer
Rachel,Montgomery,1995-06-09,76370,72,5,Senior,Marketing Specialist
Jonathon,King,1993-05-07,74985,90,10,Junior,Data Analyst
Anna,Johns,1968-01-09,82266,100,8,Senior,HR Manager
James,Chavez,1966-01-30,93539,100,13,Senior,Project Manager
Alicia,Maxwell,1999-06-10,64900,69,14,Mid,Marketing Specialist
Cassandra,Mcgee,1985-08-25,62521,71,8,Senior,Data Analyst
Michael,Sanford,1998-05-25,60651,68,4,Mid,Sales Executive
Tammy,Craig,1975-06-10,89088,64,10,Mid,Data Analyst
Micheal,Jackson,1970-10-06,97072,92,15,Mid,HR Manager
Diana,Hunter,1983-12-16,93242,64,7,Junior,Sales Executive
Amanda,King,1965-05-12,50958,92,11,Mid,Sales Executive
Kathleen,Chambers,1978-06-30,75830,87,11,Junior,Project Manager
Stacey,Smith,1987-01-05,88641,100,14,Junior,Sales Executive
Karl,Smith,1984-06-04,60132,76,13,Mid,Sales Executive
Charles,Kane,1969-06-06,55765,64,5,Senior,HR Manager
Kristin,Murray,1990-10-29,95176,75,2,Senior,Marketing Specialist
Richard,Moreno,1984-07-11,61731,88,18,Senior,Sales Executive
Daniel,Mays,1981-10-12,52091,60,1,Senior,Sales Executive
Dale,Case,1995-01-19,69023,62,13,Senior,Marketing Specialist
Jennifer,Patel,1974-12-18,79862,77,19,Junior,HR Manager
Anita,Eaton,1984-09-11,56566,78,6,Mid,Data Analyst
Jill,Reese,1993-01-13,72075,68,20,Senior,HR Manager
Michael,Singleton,1966-02-08,91871,72,20,Junior,Data Analyst
Dale,Bryant,1981-02-17,89782,74,3,Senior,HR Manager
Madison,Bonilla,1987-01-23,52177,90,16,Junior,Data Analyst
Edwin,Jackson,1967-05-28,55008,76,20,Mid,Data Analyst
Stacy,Stevens,1981-09-18,94780,86,4,Junior,Data Analyst
Rose,Reyes,1976-09-28,98612,67,6,Mid,Sales Executive
Don,Harris,1987-10-08,71571,95,19,Senior,HR Manager
Michele,Henderson,1981-01-21,64005,75,13,Junior,Project Manager
Shirley,Hall,1998-06-27,91831,94,16,Senior,Software Engineer
Michelle,Jones,1992-08-13,99936,87,18,Senior,Software Engineer
Sandra,Perry,1964-03-08,56798,100,20,Junior,Sales Executive
Christina,Perkins,1971-04-03,95613,75,17,Senior,Data Analyst
Frank,Tran,1988-09-20,95761,90,3,Senior,Software Engineer
James,Reese,1968-01-05,62080,79,5,Senior,Project Manager
Alex,Cox,1974-04-22,88042,95,18,Mid,Data Analyst
Michael,Lucas,1996-05-12,90007,63,17,Junior,Data Analyst
Olivia,Rodriguez,1976-06-13,90338,95,20,Junior,Software Engineer
Michael,Lee,1972-01-05,76367,67,20,Senior,Sales Executive
Ellen,Garcia,1985-08-10,57469,90,3,Mid,Data Analyst
Amy,Hill,1984-05-12,88010,97,20,Senior,Project Manager
Anne,Ayala,1974-11-20,94967,82,5,Mid,Data Analyst
Kimberly,Thomas,1978-10-14,82654,73,7,Junior,Data Analyst
Jill,Golden,1995-02-07,97880,87,2,Senior,Sales Executive
Cameron,Perez,1975-03-02,72578,91,1,Senior,Data Analyst
Michael,Kaufman,1979-02-12,67930,94,13,Senior,Project Manager
Benjamin,Griffith,1971-07-14,69075,98,5,Senior,Data Analyst
Scott,Mcdaniel,1997-06-21,87434,79,11,Senior,Software Engineer
Cindy,Miller,1971-12-26,60953,69,9,Junior,HR Manager
Allen,Escobar,1993-03-30,85516,83,19,Senior,Sales Executive
Juan,Jones,1978-11-09,61738,95,5,Junior,Software Engineer
Heather,Brown,1964-06-21,50776,62,9,Mid,Marketing Specialist
Briana,Bean,1999-03-22,54996,95,1,Mid,Sales Executive
Julie,Hensley,1980-11-05,61376,80,8,Senior,Sales Executive
Amanda,Jackson,1976-06-25,93348,84,11,Junior,Project Manager
Daniel,Aguirre,1978-11-13,52354,65,10,Junior,HR Manager
Kathy,Boyd,1980-06-06,96928,94,10,Senior,Software Engineer
Gabriel,Martinez,1974-12-24,97177,99,9,Mid,Sales Executive
Anne,Hernandez,1989-04-11,53307,97,16,Senior,Software Engineer
Katrina,Johnson,1980-03-31,68857,69,12,Mid,Marketing Specialist
Angela,Moss,1983-03-08,72168,79,18,Mid,Project Manager
Kyle,Myers,1968-07-10,89475,75,9,Mid,Sales Executive
Joseph,Armstrong,1982-12-01,76058,82,12,Mid,HR Manager
Cindy,Holland,1967-01-20,66443,99,5,Senior,Software Engineer
Juan,Hines,1976-10-31,77063,64,3,Junior,Software Engineer
Michelle,Malone,1974-05-11,84666,71,1,Senior,Project Manager
Natalie,Carter,1964-06-04,91643,87,7,Mid,Marketing Specialist
Lisa,Collier,1967-09-10,95203,85,2,Mid,Software Engineer
Billy,Oliver,1972-11-11,94045,65,18,Senior,Software Engineer
Mary,Riley,1969-06-27,64357,99,4,Senior,Data Analyst
Thomas,Mccullough,1975-10-26,70941,67,20,Mid,Data Analyst
Dwayne,Hahn,1993-03-04,90970,65,12,Senior,Marketing Specialist
Victoria,Garcia,1993-10-14,95091,96,13,Junior,Marketing Specialist
Benjamin,Richardson,1983-11-22,93974,70,13,Senior,Software Engineer
Destiny,Turner,1976-11-22,74450,99,2,Mid,Sales Executive
Nicholas,Christensen,1986-06-15,70855,66,3,Mid,Sales Executive
Daniel,Williams,1986-01-28,75161,85,16,Junior,HR Manager
David,Joseph,1974-02-24,79888,78,4,Junior,Data Analyst
Heather,Miller,1987-07-24,75494,63,13,Junior,HR Manager
Steven,Anderson,1975-07-15,61051,97,12,Junior,Software Engineer
Debra,Jackson,1988-03-06,53637,72,18,Senior,Data Analyst
Timothy,May,1989-09-04,99764,100,9,Junior,Marketing Specialist
Kayla,Henderson,1975-01-01,94433,83,3,Mid,Data Analyst
Cynthia,Martinez,1973-06-08,88457,68,1,Mid,Marketing Specialist
Tara,Lewis,1984-08-04,59232,82,6,Junior,Sales Executive
Marissa,Livingston,1995-12-19,54466,74,5,Junior,Project Manager
Carol,Hansen,1983-07-16,91854,88,9,Mid,Sales Executive
Gary,Williams,1971-02-01,50367,82,11,Senior,Software Engineer
Ethan,Murphy,1986-08-17,84824,64,17,Junior,Project Manager
Antonio,Carter,1994-10-30,52604,100,19,Junior,Sales Executive
Raymond,Rogers,1993-11-05,70827,98,2,Mid,Software Engineer
Christopher,Garza,1978-05-13,62808,95,20,Mid,Marketing Specialist
Shelby,Baker,1995-11-26,95845,60,16,Senior,Software Engineer
Kelly,Schaefer,1972-11-14,91647,92,2,Senior,HR Manager
Hannah,Turner,1975-07-11,53707,62,7,Mid,Software Engineer
Jonathan,Barry,1990-05-26,62866,91,9,Junior,Project Manager
Christian,Mcguire,1978-05-31,50094,69,6,Mid,Project Manager
Peter,Steele,1970-03-14,96913,62,2,Junior,HR Manager
Christopher,Velazquez,1990-11-01,51338,83,6,Senior,Marketing Specialist
Alexis,Mclaughlin,1996-08-13,76480,66,14,Mid,Project Manager
Jennifer,Wheeler,1975-09-30,99056,68,5,Mid,Project Manager
Jennifer,Robinson,1971-07-04,67980,71,11,Mid,Marketing Specialist
Billy,Castillo,1982-08-04,79332,88,13,Mid,Data Analyst
Linda,Robinson,1974-03-17,70410,91,3,Junior,Sales Executive
Alexis,Grant,1968-02-13,82638,97,13,Junior,Data Analyst
Kathleen,Hall,1989-05-19,65350,95,11,Mid,Software Engineer
Bruce,Weaver,1974-11-01,74185,70,13,Junior,HR Manager
Bruce,Walsh,1966-03-24,58849,91,8,Senior,Project Manager
Pamela,Wilson,1981-11-16,59932,98,16,Mid,Data Analyst
Briana,Simpson,1985-11-10,66405,77,7,Junior,Project Manager
Ryan,Whitney,1993-11-12,98085,64,2,Senior,Project Manager
Richard,Hill,1974-04-18,96545,99,8,Mid,Software Engineer
Jared,Rodriguez,1982-07-09,88981,71,2,Mid,Sales Executive
Natalie,Strickland,1982-01-31,88401,84,3,Senior,Software Engineer
Edward,Goodwin,1992-07-17,80817,79,11,Junior,Data Analyst
Lori,Turner,1996-05-11,61364,86,3,Junior,Data Analyst
David,Yoder,1989-04-06,70273,67,17,Senior,Software Engineer
Thomas,Kirk,1989-12-25,93176,97,15,Senior,Marketing Specialist
Julia,Mitchell,1976-11-11,66102,66,11,Senior,Sales Executive
Brandon,Kelley,1987-03-10,73399,74,13,Junior,Data Analyst
Javier,Cook,1968-03-02,72468,63,11,Junior,HR Manager
Tammy,Hamilton,1987-05-13,66914,63,7,Mid,Software Engineer
Judy,Raymond,1964-12-01,64420,94,17,Mid,Software Engineer
Michael,White,1968-05-30,74303,88,16,Senior,Data Analyst
Raymond,Quinn,1971-03-20,77196,83,15,Mid,Sales Executive
Joseph,Hill,1976-01-09,57143,62,17,Mid,Software Engineer
Kyle,Webb,1983-08-08,58921,64,7,Senior,Marketing Specialist
Shawn,Becker,1978-07-20,55573,62,6,Senior,Project Manager
Jennifer,Ball,1973-07-16,97994,85,10,Mid,HR Manager
Patrick,Williamson,1992-12-12,57501,73,18,Senior,Software Engineer
Mark,Wallace,1987-02-15,64148,87,16,Senior,Project Manager
Ashley,Palmer,1982-11-18,51694,61,16,Mid,Project Manager
Jeffery,Rios,1986-09-17,66851,100,14,Senior,Sales Executive
Laura,Chung,1989-12-31,72923,67,9,Junior,HR Manager
Anna,Boone,1970-03-22,76315,96,17,Senior,HR Manager
Alec,Cruz,1973-03-11,98324,95,5,Senior,Data Analyst
Jonathan,Cummings,1987-08-30,93299,78,12,Mid,HR Manager
Joshua,Roberts,1985-11-20,56539,96,16,Senior,HR Manager
Joel,Stewart,1981-06-07,73892,82,5,Senior,Data Analyst
Danny,Chaney,1987-11-15,80050,96,15,Junior,Data Analyst
Stephen,Wood,1964-11-11,65069,66,14,Mid,HR Manager
Bryan,Hawkins,1975-05-12,83762,88,20,Junior,Marketing Specialist
Aaron,Meyer,1971-11-12,59238,88,3,Junior,Marketing Specialist
Christopher,Nolan,1973-07-11,96541,69,8,Mid,HR Manager
Rachael,Garrett,1986-04-09,72839,76,20,Junior,Data Analyst
Rebecca,Nelson,1970-05-06,62325,82,1,Mid,HR Manager
Kristy,Horn,1987-10-29,70904,60,5,Junior,Software Engineer
Michelle,Logan,1985-12-13,62335,64,4,Senior,Software Engineer
Tony,Walker,1979-02-25,83881,66,14,Junior,Software Engineer
Evan,Soto,1983-11-13,71689,78,11,Senior,Software Engineer
Gregory,Edwards,1985-06-16,85493,84,4,Mid,Marketing Specialist
Karen,Torres,1989-07-08,58537,74,6,Senior,Project Manager
Diane,Edwards,1996-07-16,90300,73,12,Junior,Data Analyst
Briana,Hill,1964-12-26,79114,96,11,Junior,Sales Executive
David,Hardy,1994-07-07,96483,85,1,Senior,Data Analyst
Daniel,Keller,1969-11-20,61250,72,12,Junior,Sales Executive
Christian,Taylor,1977-08-23,83168,93,11,Junior,Project Manager
Erika,Ayala,1990-06-27,59511,93,1,Mid,Software Engineer
Margaret,Guzman,1984-04-18,75457,68,16,Senior,HR Manager
Lisa,Fry,1978-06-27,80969,84,14,Mid,Marketing Specialist
Ashley,Sharp,1967-03-15,64073,82,19,Senior,Data Analyst
Amanda,Sosa,1988-12-10,91629,84,14,Junior,Project Manager
Mark,Orr,1982-06-23,88216,82,2,Senior,Data Analyst
Emily,Hester,1990-10-30,71929,98,7,Senior,Data Analyst
William,Davis,1975-05-14,83286,70,18,Senior,HR Manager
Rachel,Thomas,1967-10-19,74608,86,8,Junior,Project Manager
Derrick,Marshall,1996-04-09,54828,73,15,Junior,Data Analyst
Jennifer,Morris,1967-09-20,73468,89,19,Senior,Data Analyst
Karen,Whitney,1974-09-22,95509,88,2,Junior,HR Manager
Raymond,Edwards,1999-08-07,73954,91,13,Mid,Project Manager
Oscar,Clark,1975-06-22,85238,70,20,Junior,Sales Executive
Mark,Evans,1998-01-14,86538,63,5,Mid,HR Manager
Joel,Todd,1988-12-13,97483,63,11,Senior,Project Manager
Stephen,Chavez,1971-03-25,58614,90,19,Junior,Software Engineer
Dakota,Middleton,1990-09-12,85376,66,14,Junior,Sales Executive
Sara,Villegas,1983-09-13,88210,66,8,Senior,Sales Executive
John,Richard,1978-01-27,96457,99,15,Junior,Project Manager
Allen,Frank,1968-10-11,97027,83,17,Senior,Sales Executive
Nathan,Baker,1988-02-03,58426,79,11,Mid,Data Analyst
Jeffrey,Diaz,1996-08-16,82736,83,6,Junior,Sales Executive
Thomas,Payne,1964-04-01,63239,68,19,Mid,Marketing Specialist
Ryan,Gill,1974-06-27,75818,63,4,Senior,HR Manager
Crystal,Gonzalez,1969-02-02,70260,93,17,Senior,Software Engineer
Michael,White,1975-11-09,56441,61,17,Senior,Sales Executive
Sean,Stevens,1979-12-06,84426,82,11,Junior,Software Engineer
Brian,Wheeler,1988-12-05,71031,100,19,Mid,Sales Executive
Kevin,Stevenson,1974-02-16,53691,93,5,Junior,Project Manager
Jeanette,Garcia,1996-09-13,98269,82,3,Mid,Data Analyst
Charles,Brown,1978-06-08,92967,90,1,Senior,Data Analyst
Melinda,King,1977-06-14,82456,99,20,Mid,Project Manager
Emily,Sparks,1984-09-05,73914,85,11,Mid,Marketing Specialist
Ronnie,Adams,1981-06-24,71489,70,3,Junior,Marketing Specialist
Catherine,Gordon,1986-10-05,68341,82,2,Mid,Software Engineer
Dennis,Smith,1967-01-24,58365,81,2,Senior,Marketing Specialist
Paul,Thomas,1970-11-12,78521,84,12,Senior,Marketing Specialist
Michael,Miller,1966-11-30,74519,67,6,Junior,HR Manager
Jacqueline,Edwards,1978-08-26,65948,95,9,Junior,HR Manager
Katherine,Moore,1977-02-16,91781,71,4,Senior,HR Manager
Jared,Martin,1992-07-29,62683,63,15,Mid,HR Manager
Angela,Cannon,1979-12-20,77276,65,14,Mid,Software Engineer
Jon,Savage,1993-04-13,65676,96,18,Mid,Project Manager
Elizabeth,Casey,1985-11-26,51335,97,4,Junior,Data Analyst
Gerald,Collins,1996-04-29,94748,62,7,Senior,Project Manager
Jennifer,Roberts,1979-05-01,52210,74,18,Junior,Sales Executive
David,Austin,1996-09-10,67237,89,11,Junior,Sales Executive
Luis,Hutchinson,1974-08-23,87879,78,7,Junior,Marketing Specialist
Natasha,Bowman,1976-06-06,60157,62,13,Senior,Software Engineer
Amy,Casey,1983-06-21,73709,67,18,Senior,HR Manager
Peter,Powers,1990-09-21,81588,69,19,Senior,HR Manager
Andrew,Smith,1997-11-14,98680,70,14,Senior,Project Manager
Tammy,Mcgee,1988-04-19,77991,74,14,Mid,Data Analyst
Joseph,Rodriguez,1972-05-27,75204,62,19,Mid,Data Analyst
Andrea,Moreno,1967-12-06,89692,82,9,Mid,Software Engineer
Meghan,Bell,1991-05-16,64988,74,14,Mid,Data Analyst
Shirley,Olson,1964-07-12,74885,80,14,Junior,Sales Executive
Donna,Webb,1989-05-28,99266,66,6,Junior,Data Analyst
Kristina,Jones,1966-10-01,61892,100,12,Senior,Project Manager
Lisa,Rivas,1984-03-22,78818,98,19,Junior,Sales Executive
Anthony,Frye,1966-05-07,54436,70,18,Junior,Sales Executive
Andrea,Sanders,1983-02-02,63485,65,12,Junior,HR Manager
Anthony,Cox,1986-05-12,74754,87,16,Mid,Project Manager
Nathan,Watkins,1976-12-15,79368,66,4,Junior,Software Engineer
Lawrence,Clark,1991-10-21,70217,61,5,Mid,Software Engineer
Fernando,Smith,1980-05-15,99040,64,11,Senior,Marketing Specialist
Shannon,Pollard,1967-06-30,59265,86,7,Junior,Marketing Specialist
Rachel,Harrison,1989-01-05,91755,61,7,Junior,Software Engineer
Robert,Patrick,1994-06-21,61741,78,13,Mid,Software Engineer
Michael,Ellis,1996-07-30,74039,92,19,Senior,Data Analyst
Michael,Green,1980-07-22,68174,93,7,Junior,HR Manager
Angela,Arnold,1969-03-07,56266,91,18,Senior,HR Manager
Francis,Palmer,1994-09-13,77021,92,14,Junior,Data Analyst
Jacob,Perez,1988-04-28,89728,88,7,Senior,Sales Executive
Jake,Clark,1979-09-27,91773,82,15,Junior,Software Engineer
Steven,Miller,1991-06-04,73320,69,17,Junior,Data Analyst
Devin,Davis,1964-07-31,69530,85,12,Junior,Project Manager
Janet,Barber,1981-10-17,71445,96,14,Senior,Sales Executive
Linda,Stewart,1996-09-21,50556,72,8,Mid,Marketing Specialist
Johnny,Luna,1986-04-20,62577,86,15,Mid,Marketing Specialist
Mark,Gardner,1994-05-03,57064,64,1,Mid,Software Engineer
Alexis,Lewis,1983-08-21,76490,73,18,Junior,Sales Executive
Daniel,Valdez,1991-03-28,70415,91,20,Junior,Project Manager
Mark,Morton,1991-12-15,85717,82,6,Junior,Sales Executive
Daniel,Price,1988-11-07,72657,88,2,Senior,HR Manager
Dana,Wilson,1998-03-08,73931,86,15,Senior,Sales Executive
Connor,Stewart,1973-01-18,58999,78,13,Junior,Sales Executive
Jessica,Parker,1965-04-01,83497,76,10,Junior,Software Engineer
Michelle,Cook,1976-02-19,92297,95,7,Mid,Software Engineer
Ricardo,Jones,1983-01-11,64877,87,17,Junior,Software Engineer
Valerie,Sanders,1993-02-23,50666,66,20,Senior,HR Manager
Andrea,Oliver,1985-07-01,74308,100,8,Senior,Data Analyst
Caroline,Taylor,1991-02-08,80809,89,9,Senior,Project Manager
Stuart,Lyons,1977-06-27,67367,63,6,Senior,Software Engineer
Ashley,Sullivan,1985-08-29,82343,64,14,Junior,Project Manager
Michael,Gonzalez,1974-04-04,71387,69,16,Junior,Software Engineer
Nancy,Olson,1975-12-04,73072,85,5,Mid,Sales Executive
Stephanie,Gonzalez,1990-04-30,84197,87,7,Senior,Marketing Specialist
Cynthia,Scott,1995-10-16,83938,60,4,Senior,Data Analyst
Michael,Villanueva,1974-07-19,88707,65,19,Junior,Software Engineer
Thomas,Fritz,1981-12-28,90473,78,20,Junior,HR Manager
Gary,Henson,1964-02-02,67210,76,5,Junior,Software Engineer
Stephanie,Zimmerman,1996-01-17,61585,75,6,Mid,Data Analyst
Ruben,King,1967-07-14,82315,100,14,Junior,HR Manager
Christina,Williams,1965-02-06,58204,95,14,Senior,Sales Executive
Michael,Pearson,1994-02-13,55630,69,8,Senior,Software Engineer
Deborah,Miller,1969-03-03,97412,74,5,Senior,Sales Executive
Kimberly,Gonzales,1976-01-12,51553,77,8,Junior,Marketing Specialist
James,Sloan,1987-04-23,66590,77,1,Mid,Project Manager
Joshua,Cook,1974-03-03,86328,75,19,Senior,Software Engineer
Susan,Jimenez,1995-02-14,62452,91,10,Junior,Sales Executive
Wesley,Donovan,1994-12-11,89597,77,15,Junior,HR Manager
Elizabeth,Harris,1998-02-23,87046,81,12,Mid,HR Manager
Sherri,May,1980-12-26,61180,84,4,Junior,Marketing Specialist
Benjamin,Reyes,1988-06-16,70078,80,18,Junior,Data Analyst
Mary,Lopez,1979-04-01,58813,84,2,Junior,Marketing Specialist
Donna,Smith,1965-01-21,50716,90,7,Junior,HR Manager
Janice,Medina,1972-01-22,50149,68,4,Senior,Sales Executive
Diane,Sampson,1982-03-29,98870,98,5,Mid,Marketing Specialist
Alfred,Haney,1975-12-28,93311,72,20,Junior,HR Manager
William,Franklin,1964-06-13,81313,83,20,Mid,Sales Executive
Katherine,Burgess,1998-11-17,66150,70,6,Senior,Project Manager
Joshua,Lang,1979-03-25,87730,64,11,Mid,Marketing Specialist
Kimberly,Hinton,1984-12-08,91582,77,6,Senior,HR Manager
Stanley,Washington,1975-01-12,50957,70,11,Junior,Marketing Specialist
Patrick,Jones,1969-02-24,51927,68,13,Senior,Sales Executive
David,Davis,1984-10-12,91731,81,7,Mid,Project Manager
Travis,Parker,1983-04-02,98994,66,17,Mid,Software Engineer
Bobby,Oconnor,1997-10-05,66282,100,14,Senior,Sales Executive
Curtis,Adams,1990-01-21,83850,94,20,Junior,HR Manager
Margaret,Frost,1978-08-20,98693,93,7,Mid,Software Engineer
Alan,Garcia,1994-11-22,66887,87,19,Mid,Marketing Specialist
Carlos,Turner,1982-12-07,52989,72,1,Junior,Sales Executive
Peggy,Campbell,1989-11-20,98462,93,12,Senior,Data Analyst
Ellen,Mcintosh,1996-05-18,82661,63,14,Mid,HR Manager
Omar,Franklin,1991-04-16,76177,62,17,Senior,Sales Executive
Wendy,Berry,1980-12-01,75263,72,1,Junior,Data Analyst
Dorothy,Jones,1994-12-20,63830,94,19,Junior,Data Analyst
Jessica,Morgan,1979-04-05,70961,86,19,Mid,Software Engineer
Ricky,Mann,1997-02-07,80610,98,12,Junior,Marketing Specialist
Mariah,Thompson,1989-08-19,99646,80,1,Mid,Sales Executive
Yvette,Cummings,1993-10-01,72368,80,12,Senior,Project Manager
Stephen,Conley,1977-08-17,77343,71,4,Senior,HR Manager
Kaitlyn,Noble,1972-06-20,93684,76,2,Mid,Project Manager
Mary,Evans,1976-04-08,92167,81,9,Mid,HR Manager
David,Frey,1974-10-18,52564,81,16,Mid,HR Manager
Gabrielle,Clark,1997-11-10,69875,96,20,Senior,HR Manager
Hannah,Whitaker,1994-07-08,74988,61,12,Junior,Data Analyst
Danielle,Gardner,1966-12-20,76736,88,19,Junior,Software Engineer
Edward,Walker,1979-11-06,50841,61,1,Junior,Marketing Specialist
Brian,Lee,1997-02-20,90518,81,20,Junior,Data Analyst
Kendra,Jones,1981-11-06,94551,71,9,Senior,Sales Executive
Michael,Hawkins,1979-01-23,63647,62,18,Mid,Project Manager
Antonio,Price,1977-06-19,56783,73,1,Junior,Data Analyst
Victoria,Evans,1996-06-30,67223,61,19,Senior,Marketing Specialist
James,Haney,1977-05-29,60222,85,8,Mid,Project Manager
Marie,Wright,1968-02-25,96597,100,14,Mid,Software Engineer
Heather,Tucker,1974-06-21,73442,73,3,Junior,Project Manager
Cassandra,Brown,1979-03-26,74418,72,15,Junior,HR Manager
Emily,Bailey,1986-05-25,68027,73,5,Senior,Sales Executive
Michael,Lee,1970-04-13,97845,90,18,Senior,Software Engineer
Darryl,Holt,1985-11-24,68501,64,7,Senior,Project Manager
Darrell,Adams,1989-09-02,66172,87,11,Senior,HR Manager
Nancy,Smith,1993-04-09,51031,97,18,Junior,Project Manager
Lori,Andersen,1968-08-13,58268,97,13,Senior,Project Manager
Claire,Richardson,1964-02-09,67972,96,5,Mid,Project Manager
Michael,Garza,1965-04-07,92817,72,3,Mid,HR Manager
Sherri,Downs,1980-10-29,65169,92,7,Senior,Project Manager
Michelle,Maynard,1993-03-20,76841,64,7,Mid,Marketing Specialist
Paige,Shaw,1991-09-24,99774,86,1,Mid,HR Manager
Crystal,Fry,1982-07-30,57887,88,3,Senior,Software Engineer
Matthew,Johnson,1996-04-20,73061,67,5,Junior,Data Analyst
Misty,Shelton,1972-06-19,88291,83,1,Senior,Project Manager
Samantha,Smith,1992-10-21,54181,78,4,Junior,Project Manager
Elizabeth,Jordan,1996-02-04,57804,92,7,Junior,Project Manager
Daniel,Brown,1981-12-27,81107,99,5,Mid,HR Manager
Alexandra,Wyatt,1970-04-12,54215,91,19,Senior,Software Engineer
Cassandra,Wolf,1996-05-13,87091,94,18,Junior,Software Engineer
Paula,Brown,1966-07-09,62973,67,2,Senior,Software Engineer
Emily,Wood,1996-12-25,64669,95,10,Senior,Project Manager
William,Allison,1970-10-29,84258,97,10,Mid,Marketing Specialist
Adrian,Rodriguez,1982-03-25,62829,99,4,Senior,Software Engineer
Jack,Smith,1967-06-18,87133,86,17,Junior,HR Manager
Mark,Robinson,1991-12-25,75248,96,5,Junior,HR Manager
Candace,Hall,1978-05-13,55116,96,5,Senior,Marketing Specialist
Michelle,King,1991-03-17,69847,78,20,Mid,Sales Executive
Kimberly,Leon,1995-02-25,99897,73,17,Senior,Software Engineer
Tiffany,Gonzales,1966-11-14,80592,61,18,Junior,Project Manager
Danielle,Sullivan,1988-01-12,95482,96,13,Senior,Software Engineer
Carolyn,Parsons,1994-11-16,57332,64,9,Junior,HR Manager
Courtney,Moore,1992-01-12,62748,85,11,Junior,Marketing Specialist
Kelly,Kane,1976-02-20,81499,72,8,Senior,Project Manager
Alexander,Baker,1966-10-30,55930,63,16,Senior,Sales Executive
Kristen,Patel,1997-01-25,91050,76,1,Senior,Data Analyst
Brad,Fuller,1973-07-31,95271,83,12,Senior,HR Manager
Valerie,Bell,1998-01-18,63328,90,4,Senior,Sales Executive
Colin,Washington,1982-04-06,51169,60,5,Senior,HR Manager
Tammy,Bright,1980-10-22,82280,89,5,Senior,Sales Executive
Andrew,Brown,1966-11-11,54072,85,18,Mid,Marketing Specialist
Ryan,Robinson,1977-07-21,93169,79,9,Mid,HR Manager
Marc,Miller,1988-06-20,60951,84,18,Senior,Marketing Specialist
Suzanne,Peters,1989-12-22,77558,87,1,Mid,Software Engineer
Amanda,Harris,1964-11-21,77655,86,10,Mid,Marketing Specialist
Kyle,Hall,1980-12-11,88914,81,3,Junior,Software Engineer
Matthew,Solis,1974-08-07,91693,100,17,Junior,Marketing Specialist
Michael,Johnson,1970-12-23,57930,91,4,Junior,Sales Executive
Christian,Fox,1965-08-31,98133,67,15,Senior,Software Engineer
Dominic,Price,1986-11-15,72995,78,7,Senior,Marketing Specialist
Rebekah,Parker,1983-10-25,71569,90,5,Mid,Sales Executive
Matthew,Bishop,1978-05-01,62746,86,2,Mid,Marketing Specialist
Nancy,Gonzalez,1999-04-15,50173,95,16,Mid,Project Manager
Harry,Knight,1981-02-13,85613,84,8,Senior,Software Engineer
James,Moran,1993-12-16,55134,98,14,Senior,Software Engineer
Lacey,Spencer,1988-06-07,96083,61,2,Senior,Data Analyst
Megan,Taylor,1974-02-11,54217,90,3,Senior,Project Manager
Samantha,Goodman,1990-11-01,50295,62,19,Senior,HR Manager
Ryan,Bird,1994-11-24,91509,70,14,Mid,Marketing Specialist
Nicole,Foster,1998-12-10,80555,83,6,Junior,Data Analyst
Latoya,Freeman,1980-11-04,89112,96,12,Mid,HR Manager
Cynthia,Goodwin,1964-08-05,85828,73,1,Mid,HR Manager
Jerry,Martin,1987-11-11,96870,71,6,Junior,Project Manager
Brett,Graves,1964-05-03,96488,95,6,Mid,Project Manager
Christina,Forbes,1995-05-26,83009,83,5,Senior,Sales Executive
Samantha,Barnes,1967-10-29,76072,93,1,Senior,HR Manager
Gregory,Robbins,1980-08-31,80740,100,5,Junior,Marketing Specialist
Christopher,Jordan,1964-10-06,64707,65,15,Mid,Software Engineer
Amanda,Webster,1997-10-12,97762,70,8,Senior,HR Manager
Destiny,Shields,1997-03-25,72924,74,10,Junior,Software Engineer
Taylor,Wilkerson,1969-03-02,51750,87,6,Junior,HR Manager
Heidi,Rodriguez,1966-07-05,84997,61,2,Mid,Marketing Specialist
Andrew,Smith,1989-10-16,96313,89,5,Mid,HR Manager
Anthony,Chen,1970-11-10,52211,72,4,Junior,Marketing Specialist
Edward,Hall,1966-11-10,69966,65,20,Mid,Data Analyst
Brenda,Harrison,1973-09-17,50387,94,1,Senior,Data Analyst
Adrienne,Santiago,1996-01-21,94212,63,4,Mid,HR Manager
Eric,Shaffer,1967-11-02,88339,78,4,Junior,Software Engineer
Jason,Buchanan,1973-12-04,87350,71,9,Junior,Project Manager
Kevin,Fitzpatrick,1965-09-01,77368,96,19,Junior,Sales Executive
Michael,Brown,1984-06-11,63987,99,15,Mid,Data Analyst
Jesse,Acosta,1982-08-07,73025,62,19,Mid,Data Analyst
Steven,Jarvis,1999-03-06,53036,84,9,Senior,Sales Executive
Lawrence,Morris,1970-08-30,87974,84,2,Mid,HR Manager
Mary,Gonzales,1977-03-31,69551,89,20,Junior,Software Engineer
Jeffrey,Rose,1991-11-29,87081,85,1,Mid,Data Analyst
Richard,Rubio,1967-08-16,85894,100,14,Junior,Marketing Specialist
Scott,West,1965-06-05,52519,65,10,Junior,Sales Executive
Hailey,Alvarado,1966-08-13,64923,80,7,Junior,HR Manager
Courtney,King,1995-04-30,60079,88,16,Mid,Data Analyst
Beth,Harrison,1976-06-30,56477,74,18,Senior,Marketing Specialist
Philip,Sandoval,1971-06-13,99569,66,14,Junior,Data Analyst
April,Ewing,1981-02-12,70003,86,6,Mid,Software Engineer
Bradley,Clark,1970-05-10,64514,90,2,Mid,Data Analyst
Terri,Salazar,1993-09-09,55231,79,9,Mid,Project Manager
Angel,Romero,1989-04-17,54715,91,5,Senior,HR Manager
Kelly,Ray,1989-10-14,55343,100,18,Mid,Sales Executive
Michael,Stewart,1994-12-17,87011,65,8,Mid,Marketing Specialist
Jose,Mitchell,1966-05-13,87013,92,13,Mid,Marketing Specialist
Justin,Downs,1968-06-06,58137,70,20,Junior,HR Manager
Laura,Berry,1968-06-28,64957,60,1,Junior,Data Analyst
Amy,Keller,1966-12-06,83547,89,17,Mid,Project Manager
Kayla,Lawrence,1970-04-19,61970,80,13,Mid,HR Manager
Jacob,Orozco,1978-07-22,79491,81,17,Senior,Data Analyst
Brandon,Martin,1990-05-30,78102,64,13,Senior,Software Engineer
Zachary,Mitchell,1969-10-18,88047,72,3,Senior,HR Manager
Michael,Anderson,1967-12-03,61311,96,17,Mid,Sales Executive
Molly,Garcia,1996-03-05,58486,87,3,Senior,Marketing Specialist
Heather,Phillips,1996-09-13,62687,91,7,Mid,Project Manager
William,Hart,1975-08-02,93522,82,15,Junior,Project Manager
Mariah,Donaldson,1988-09-07,92188,69,3,Junior,Project Manager
David,Morgan,1970-10-01,54722,65,12,Mid,HR Manager
Marissa,Cervantes,1966-07-22,60557,77,18,Senior,Sales Executive
James,Prince,1996-11-28,70867,76,6,Mid,Software Engineer
Paul,Jones,1969-05-17,56167,64,2,Senior,HR Manager
Michael,Jackson,1994-08-25,62527,61,7,Senior,Sales Executive
Vickie,Solis,1969-09-07,94523,70,9,Junior,Project Manager
Jodi,Brown,1969-06-01,90865,66,7,Junior,Marketing Specialist
Keith,Malone,1979-07-15,95203,95,14,Senior,Data Analyst
Daniel,Smith,1969-05-16,52171,78,8,Junior,Sales Executive
Curtis,Cannon,1980-12-20,89199,98,4,Senior,HR Manager
Michael,Freeman,1977-02-17,84358,89,19,Junior,Software Engineer
Roger,Small,1977-06-17,99687,71,12,Senior,Software Engineer
Michelle,Walton,1972-01-28,58129,78,19,Senior,HR Manager
Krystal,Burton,1969-10-23,87879,60,4,Mid,Sales Executive
Toni,Mayer,1995-11-20,71801,92,14,Junior,Data Analyst
Shannon,Fitzgerald,1972-05-17,98503,80,4,Junior,Project Manager
Ashley,Hill,1983-03-10,63331,70,6,Junior,Marketing Specialist
Jack,Melendez,1968-01-22,98807,85,5,Mid,Data Analyst
Loretta,Everett,1986-03-25,85522,81,19,Junior,Software Engineer
Rodney,Black,1989-11-23,56480,99,9,Junior,Marketing Specialist
Danielle,Wilkerson,1967-04-20,51003,92,20,Senior,HR Manager
Yolanda,Schmitt,1974-12-29,95448,64,9,Senior,HR Manager
Michael,Johnson,1981-09-18,92859,95,2,Junior,Project Manager
David,Garcia,1986-08-09,55169,85,17,Mid,Data Analyst
Dominic,Sherman,1994-07-17,61546,98,4,Junior,Software Engineer
Rose,Moreno,1982-05-05,89534,64,13,Senior,Project Manager
Justin,Gates,1997-07-04,82553,62,12,Mid,Project Manager
Kayla,Williams,1970-04-24,86230,88,5,Senior,Sales Executive
Sean,Hall,1998-08-13,52042,67,6,Senior,HR Manager
Brooke,Nelson,1995-05-24,92411,62,13,Senior,Data Analyst
Ryan,Gibson,1993-07-14,82175,79,17,Mid,Software Engineer
Kristin,Camacho,1993-05-17,91499,100,17,Senior,Marketing Specialist
Melissa,Hays,1978-07-10,70438,65,19,Junior,Project Manager
Sean,Leach,1971-09-08,51436,77,4,Senior,Software Engineer
Sharon,Hall,1973-04-17,99949,62,14,Junior,HR Manager
Bridget,Chavez,1990-07-11,93869,81,9,Junior,Data Analyst
Matthew,Conrad,1994-02-26,92179,76,12,Junior,Sales Executive
Joshua,Obrien,1984-12-10,54491,71,18,Senior,Marketing Specialist
Cameron,Jones,1999-07-15,86289,83,18,Mid,Project Manager
Natalie,Rush,1976-01-23,93472,85,10,Senior,HR Manager
Catherine,Williamson,1997-11-23,67840,73,7,Junior,Software Engineer
David,Owens,1965-04-17,92903,78,19,Mid,HR Manager
Monica,Bailey,1996-11-24,55668,92,18,Senior,Sales Executive
Jennifer,Norris,1991-09-16,70169,86,2,Mid,HR Manager
Pamela,Davis,1974-08-01,75517,80,16,Senior,Sales Executive
Sierra,Hill,1967-12-28,66718,85,7,Junior,Sales Executive
Kim,Lewis,1992-05-09,95074,73,18,Mid,Data Analyst
Kayla,Olsen,1974-10-07,76021,87,16,Senior,Data Analyst
Samuel,Huber,1985-05-14,73944,77,18,Mid,Project Manager
Austin,Smith,1982-03-28,78482,92,3,Junior,Sales Executive
Brian,Rodriguez,1985-05-02,75321,79,5,Junior,Software Engineer
Luis,Love,1963-12-22,93382,85,8,Senior,Sales Executive
Eric,Stanton,1975-01-07,73981,71,5,Mid,Data Analyst
John,Rogers,1978-01-14,80023,76,15,Mid,Data Analyst
Suzanne,Cunningham,1983-12-19,73893,77,4,Senior,Sales Executive
Jonathan,Dunlap,1997-05-31,69734,78,10,Senior,Software Engineer
Warren,Riley,1993-11-24,81236,85,9,Mid,Sales Executive
Anthony,Nielsen,1985-12-08,94223,62,9,Senior,Data Analyst
John,Bates,1988-06-12,50686,96,2,Senior,Marketing Specialist
Matthew,Martinez,1995-03-09,68561,76,9,Junior,HR Manager
Tara,Pratt,1982-06-11,82843,78,9,Mid,Marketing Specialist
Rebekah,Lam,1988-12-21,61525,87,6,Senior,Marketing Specialist
James,Bailey,1984-03-13,97573,62,17,Mid,Marketing Specialist
Joanne,Hernandez,1987-01-06,83520,66,15,Mid,HR Manager
Melissa,Morgan,1976-08-16,54938,87,7,Junior,Data Analyst
Shannon,Manning,1973-05-12,99324,72,17,Senior,Data Analyst
Christina,Bonilla,1998-09-26,67331,86,3,Junior,Project Manager
Leslie,Robertson,1978-12-24,58296,83,3,Junior,Software Engineer
Katelyn,Roberts,1963-12-04,53023,88,16,Mid,Data Analyst
Jason,Mercado,1971-07-14,62672,90,12,Mid,Data Analyst
Zachary,Hill,1990-07-07,69841,70,5,Mid,Sales Executive
Stephen,Cantu,1994-12-21,81542,72,17,Junior,Data Analyst
Anna,Thompson,1996-06-20,78422,81,8,Junior,Software Engineer
Jason,Rogers,1979-07-08,92413,71,3,Senior,Software Engineer
Christopher,Callahan,1970-09-09,56310,61,5,Junior,Data Analyst
Blake,Hoffman,1981-01-09,53982,82,5,Senior,Data Analyst
Yolanda,Boyd,1970-06-24,79876,81,20,Mid,Sales Executive
Patricia,Burke,1969-11-12,96369,78,5,Senior,Marketing Specialist
Melanie,Smith,1996-10-25,81636,73,5,Mid,HR Manager
Valerie,Price,1992-03-03,83398,61,11,Senior,HR Manager
Charles,Young,1983-08-18,72207,83,12,Junior,Sales Executive
Janet,Harris,1994-04-20,91427,68,18,Mid,Project Manager
Alex,Foster,1976-07-03,58444,86,4,Mid,HR Manager
Hunter,Estrada,1996-07-11,94036,77,8,Senior,HR Manager
Michael,Jenkins,1978-04-02,81677,63,5,Mid,Software Engineer
Brittany,Petersen,1995-10-10,78581,80,5,Senior,HR Manager
Victoria,Luna,1979-08-25,92449,61,19,Senior,HR Manager
Stephen,Simmons,1985-05-17,53047,60,9,Senior,Software Engineer
Nicole,Cruz,1995-01-09,89712,95,15,Junior,Marketing Specialist
Emily,Gregory,1999-02-03,61370,97,17,Mid,Sales Executive
Anita,Sanchez,1983-12-13,84744,95,5,Senior,Project Manager
Craig,Scott,1984-10-26,85844,87,11,Mid,Software Engineer
Holly,Barnes,1999-08-09,95004,75,5,Mid,Sales Executive
William,Poole,1970-02-23,78047,97,20,Junior,Marketing Specialist
Billy,James,1974-11-21,53777,60,19,Senior,Data Analyst
Robert,Osborn,1976-11-23,95090,85,3,Junior,Software Engineer
Edward,Wade,1983-10-20,92595,91,20,Mid,Project Manager
Mary,Roberts,1986-04-23,69153,83,3,Senior,Project Manager
Heather,Jackson,1974-02-21,61628,69,17,Junior,Sales Executive
Steven,Lewis,1986-07-18,69900,80,2,Junior,Project Manager
Jonathan,Reese,1992-09-20,84826,67,16,Senior,Marketing Specialist
Erica,Hoffman,1979-09-25,91305,68,1,Senior,HR Manager
Jeanette,Brown,1986-08-28,87191,78,19,Senior,Data Analyst
Robert,Odom,1969-01-30,79453,98,4,Mid,Sales Executive
Scott,Lopez,1995-09-06,59631,93,14,Junior,Sales Executive
Heather,Vance,1970-09-04,61971,79,9,Mid,HR Manager
Andrew,Romero,1974-04-03,55079,98,14,Mid,Data Analyst
Scott,Howard,1973-05-29,71635,93,18,Junior,Sales Executive
Todd,Palmer,1998-05-20,97132,93,16,Mid,Data Analyst
Brittany,Wolfe,1987-11-11,74592,69,15,Senior,Data Analyst
Ashley,Nichols,1968-05-06,69487,76,5,Mid,HR Manager
Julie,Thompson,1999-03-18,54569,79,16,Mid,Project Manager
Michelle,Gregory,1983-01-07,85590,74,17,Junior,Sales Executive
Katie,Thompson,1986-07-23,91144,69,2,Junior,HR Manager
Lisa,Barr,1983-02-20,51834,61,15,Mid,Sales Executive
Jennifer,Perkins,1965-07-10,99110,89,19,Senior,HR Manager
Melissa,Smith,1983-01-03,99306,91,9,Senior,Software Engineer
Lauren,Leon,1964-04-18,67205,73,13,Mid,Marketing Specialist
Kevin,Wagner,1992-05-08,83973,97,19,Senior,HR Manager
Stacey,Olson,1974-09-11,60802,81,14,Junior,Sales Executive
Jason,French,1980-04-11,85694,81,11,Senior,HR Manager
Patrick,Page,1966-12-10,59745,82,16,Mid,Project Manager
Roy,Harris,1980-12-29,99676,96,12,Junior,Marketing Specialist
Bruce,Valentine,1983-05-22,87754,90,19,Junior,Sales Executive
David,Maldonado,1975-11-21,72045,79,6,Mid,Data Analyst
Sherri,Rowland,1986-01-02,66825,89,11,Junior,HR Manager
Alex,Hudson,1984-03-05,68465,67,13,Senior,Marketing Specialist
Dana,Johnson,1985-04-19,91798,77,7,Senior,Software Engineer
Tony,Lewis,1972-06-21,50709,76,13,Mid,Data Analyst
Michael,Russell,1964-07-15,77249,76,6,Junior,Software Engineer
Crystal,Patel,1986-10-06,73163,84,1,Junior,Project Manager
Laura,Howard,1970-06-29,53687,96,4,Senior,HR Manager
Paula,May,1994-06-30,81629,78,16,Junior,Data Analyst
Danielle,Hendrix,1994-10-23,89799,62,10,Mid,Data Analyst
Craig,Gomez,1982-10-14,76085,76,13,Senior,Marketing Specialist
Lisa,Mills,1978-03-21,94977,69,18,Senior,Sales Executive
Andrea,Wagner,1979-04-12,74046,83,15,Senior,Data Analyst
Joshua,Mcclure,1998-06-15,74771,60,7,Junior,Marketing Specialist
Adam,Walton,1965-10-11,76165,69,5,Senior,Marketing Specialist
Melissa,Cervantes,1989-02-14,61799,81,15,Mid,HR Manager
Michelle,Everett,1995-05-29,59161,62,8,Junior,HR Manager
Tyler,Hammond,1982-01-26,85239,61,3,Senior,Marketing Specialist
Todd,Nielsen,1998-12-06,68176,100,20,Junior,Project Manager
Paige,Taylor,1998-02-08,69554,93,4,Senior,Software Engineer
Ronald,Franklin,1983-03-14,54721,79,16,Senior,HR Manager
Heather,Glover,1967-01-13,77690,92,6,Mid,Marketing Specialist
Sonya,Parker,1969-12-23,69698,85,8,Senior,Data Analyst
Miguel,Wells,1973-11-22,96928,84,4,Mid,Project Manager
Rachel,Patton,1993-07-23,59555,81,14,Junior,Project Manager
Kelsey,Yang,1999-04-24,90068,85,2,Mid,Sales Executive
Kimberly,Richard,1998-04-26,91462,63,6,Mid,HR Manager
Dan,White,1982-01-29,79577,82,14,Mid,Data Analyst
Tyler,Ballard,1992-02-21,90726,66,9,Senior,Data Analyst
Tanya,Patterson,1986-03-27,80680,60,2,Senior,Software Engineer
Victoria,Franco,1992-06-22,71921,94,19,Senior,Software Engineer
Jeremy,Ellis,1977-07-05,75572,67,6,Mid,Sales Executive
Joshua,York,1995-12-04,70242,95,12,Junior,Software Engineer
Eric,Smith,1972-02-29,52195,96,19,Mid,Sales Executive
Thomas,Rice,1999-03-07,74345,92,2,Senior,Marketing Specialist
Marie,Winters,1985-07-13,79257,68,13,Senior,HR Manager
Kevin,Bowen,1974-11-14,71084,95,16,Junior,HR Manager
John,Ball,1977-07-11,73526,70,13,Junior,Marketing Specialist
Amanda,Sandoval,1998-04-05,93525,72,12,Junior,Marketing Specialist
Mark,Allen,1991-01-18,99303,86,18,Senior,Software Engineer
Marie,Cooper,1968-06-14,57019,62,14,Senior,Sales Executive
Juan,Flores,1990-11-01,88562,82,18,Junior,Sales Executive
James,Rush,1971-09-21,65597,85,6,Mid,HR Manager
Alyssa,Woods,1995-12-13,84772,74,8,Mid,Marketing Specialist
Lucas,Zuniga,1993-01-01,80413,82,11,Junior,Data Analyst
Patrick,Wyatt,1964-08-05,92919,70,20,Mid,Data Analyst
Elizabeth,Sampson,1967-12-13,67226,94,9,Junior,HR Manager
Kari,Bradford,1966-06-21,74413,85,5,Mid,Project Manager
Madison,Farley,1984-05-25,96279,74,6,Senior,Sales Executive
Felicia,Freeman,1967-09-22,52956,65,4,Senior,Sales Executive
Jo,Jackson,1967-10-03,59727,86,12,Senior,Software Engineer
Savannah,Campos,1972-09-05,80570,84,2,Senior,Software Engineer
James,Christensen,1978-11-03,51561,77,5,Senior,HR Manager
Kyle,Daniels,1991-01-26,58068,96,8,Mid,HR Manager
Julie,Bender,1982-11-21,75880,89,18,Junior,Data Analyst
Sharon,Herman,1994-05-06,68697,95,17,Mid,Sales Executive
Jessica,Simmons,1991-12-07,80026,60,9,Senior,Data Analyst
Darren,Smith,1978-11-28,63705,73,15,Junior,Sales Executive
Kristina,Morse,1980-04-05,77971,61,19,Senior,Marketing Specialist
Thomas,Mayo,1985-02-07,66735,99,13,Junior,Sales Executive
Ryan,Anderson,1984-12-25,75118,74,7,Senior,Sales Executive
Donald,Garcia,1974-08-07,80039,82,10,Mid,Data Analyst
Tracie,Ray,1988-12-28,98926,64,7,Senior,Project Manager
Heidi,Boyd,1973-07-10,82664,61,2,Mid,Marketing Specialist
Richard,Donaldson,1966-06-19,71313,74,20,Mid,Data Analyst
Jasmine,Thomas,1978-11-16,70385,81,18,Mid,Marketing Specialist
Robert,Berry,1986-05-22,87412,71,9,Junior,HR Manager
Nathan,Henderson,1990-04-25,53884,88,7,Junior,Project Manager
Antonio,Castro,1968-05-28,64038,88,15,Senior,HR Manager
Andrew,Riley,1965-03-15,64884,82,3,Senior,Software Engineer
Edward,Cruz,1995-09-02,61682,65,17,Senior,Marketing Specialist
William,Phillips,1990-11-24,52672,76,10,Mid,HR Manager
Jacob,Bell,1991-06-06,60570,62,6,Senior,Data Analyst
Brian,Ross,1968-01-19,58579,94,8,Senior,HR Manager
Kimberly,Harris,1972-09-30,65131,63,12,Mid,Project Manager
Briana,Todd,1981-08-13,73850,89,1,Mid,Software Engineer
Craig,Rice,1989-12-27,72324,71,19,Junior,Data Analyst
Robert,Thomas,1981-07-01,91243,63,19,Senior,HR Manager
Lisa,Smith,1992-07-27,78731,70,19,Junior,Marketing Specialist
Kyle,Charles,1995-10-31,73047,76,8,Senior,HR Manager
Kenneth,Walker,1982-07-04,89699,94,12,Senior,Project Manager
Samantha,Stuart,1972-01-20,52996,70,4,Senior,Marketing Specialist
Vicki,Parks,1999-05-24,82101,77,20,Senior,Sales Executive
Paul,Malone,1995-09-09,79146,66,15,Senior,HR Manager
Charles,Patterson,1965-05-16,87849,72,19,Senior,Data Analyst
Lisa,Melton,1981-11-20,66022,86,11,Senior,Software Engineer
Sean,Summers,1985-07-27,64516,74,7,Mid,Sales Executive
Brian,Rangel,1978-01-21,56895,64,6,Junior,Marketing Specialist
Lucas,Nguyen,1968-11-20,73056,63,6,Junior,Sales Executive
Johnny,Miller,1979-10-10,67521,67,6,Senior,Project Manager
Gary,Baker,1983-03-12,62176,71,6,Junior,Project Manager
Daniel,Hughes,1965-01-10,91411,81,18,Mid,Data Analyst
Theodore,Gentry,1997-09-08,54481,96,2,Mid,Software Engineer
Gina,Strickland,1966-07-01,83454,71,6,Junior,Software Engineer
Chelsey,Porter,1992-10-01,98318,100,18,Junior,Project Manager
George,Serrano,1999-03-22,52072,73,7,Junior,Data Analyst
Jason,Pittman,1969-11-06,87762,89,12,Junior,HR Manager
John,Allen,1998-02-11,93280,65,10,Senior,Sales Executive
Sarah,Hendrix,1987-01-15,75648,78,13,Junior,HR Manager
Samuel,Dillon,1995-08-10,73953,76,15,Junior,Software Engineer
Ashley,Webster,1985-09-25,79673,60,14,Mid,HR Manager
Kristi,Richards,1979-03-26,71706,63,8,Junior,Data Analyst
Jimmy,Robinson,1993-09-07,81409,67,3,Mid,Marketing Specialist
Alexander,Obrien,1980-10-07,86346,99,3,Junior,Project Manager
Troy,Howell,1995-03-24,72394,74,2,Junior,HR Manager
Beth,Powell,1989-11-24,98235,85,8,Senior,HR Manager
Spencer,Wilkins,1984-09-12,53249,84,13,Junior,Data Analyst
Robert,Galvan,1988-12-03,93772,82,12,Mid,Marketing Specialist
Jessica,Ayala,1971-12-31,75833,76,15,Senior,Software Engineer
Karen,Hodge,1972-11-29,60575,84,3,Senior,Marketing Specialist
David,Rubio,1983-09-18,69043,91,10,Mid,Sales Executive
Christopher,Spencer,1975-03-30,95888,62,2,Senior,Software Engineer
Jonathan,Collins,1988-05-15,61332,61,4,Senior,Marketing Specialist
Bonnie,Aguilar,1984-03-21,63698,61,13,Mid,Software Engineer
Nicholas,Palmer,1996-12-24,96424,63,20,Senior,HR Manager
Michelle,Nelson,1973-10-19,86925,63,19,Senior,Marketing Specialist
Jessica,Duran,1977-04-20,91341,94,5,Senior,HR Manager
Margaret,Webb,1994-08-06,94753,79,4,Junior,HR Manager
Cory,Williams,1966-10-14,67408,62,18,Mid,Data Analyst
Dennis,Robertson,1986-09-03,52319,97,6,Senior,Sales Executive
Ann,Ramirez,1964-02-20,60111,70,14,Senior,Project Manager
Alexandra,Rivera,1970-05-06,73659,67,20,Junior,Sales Executive
Jasmin,Howard,1968-12-21,85258,93,9,Senior,Data Analyst
Victor,Bautista,1986-09-22,84024,79,1,Junior,Sales Executive
Denise,Solis,1973-09-09,92134,65,1,Junior,Software Engineer
Latoya,Miller,1988-07-19,54512,64,20,Senior,Project Manager
Samuel,Chavez,1997-08-11,63967,87,11,Junior,Project Manager
Susan,Ingram,1999-09-02,87556,60,16,Junior,Software Engineer
Norman,Davis,1990-12-08,58068,61,11,Junior,Project Manager
Rodney,Wilson,1976-09-20,76176,92,19,Senior,HR Manager
Jenny,Kemp,1964-11-30,98172,98,10,Mid,Marketing Specialist
Jonathan,Montoya,1968-10-31,95306,69,3,Junior,HR Manager
Angela,Holt,1992-10-30,99828,95,7,Mid,Project Manager
Amy,Dominguez,1992-06-25,75576,87,16,Senior,Software Engineer
Jessica,Brown,1969-01-14,85886,97,10,Mid,Data Analyst
Robert,Lewis,1991-06-08,53046,83,7,Mid,Data Analyst
David,Chang,1969-05-30,92835,69,16,Senior,Data Analyst
Bill,Harris,1968-04-23,90735,89,15,Junior,Data Analyst
Jessica,Gates,1982-11-03,53981,73,1,Junior,Data Analyst
Cody,Hudson,1966-12-11,63012,88,6,Senior,Sales Executive
Victor,Pennington,1968-11-26,54276,66,15,Senior,Project Manager
Julia,Peters,1965-04-16,54873,97,16,Junior,Software Engineer
Alexa,Johnson,1977-10-05,78243,99,8,Senior,Sales Executive
Kristin,Duffy,1997-02-14,58963,71,14,Junior,Data Analyst
Kelly,Roberts,1967-11-29,55006,81,9,Junior,Sales Executive
Maria,Cannon,1966-07-03,83162,92,16,Mid,Sales Executive
Lisa,Saunders,1985-07-19,88704,81,10,Senior,HR Manager
Sharon,Lee,1975-11-02,98533,84,10,Senior,Sales Executive
Amber,Nguyen,1971-06-09,80105,62,12,Mid,HR Manager
James,Jenkins,1965-05-02,60365,60,8,Mid,Sales Executive
Geoffrey,Butler,1990-04-12,86759,100,9,Junior,HR Manager
Susan,Arnold,1979-11-20,52289,64,13,Mid,HR Manager
Billy,Haney,1969-06-25,82633,100,7,Mid,Project Manager
Justin,Murphy,1985-05-12,97289,88,13,Junior,Sales Executive
Anna,Charles,1973-05-06,70886,91,5,Mid,HR Manager
Amber,Gonzalez,1970-11-07,69711,70,10,Junior,Data Analyst
Michael,Smith,1966-11-22,58563,94,18,Mid,HR Manager
Ralph,Vargas,1995-07-31,93125,78,11,Mid,Project Manager
Randy,Anderson,1975-10-16,90921,78,20,Senior,Project Manager
Morgan,Haas,1995-06-26,63996,81,18,Mid,Data Analyst
Barbara,Evans,1983-05-04,77030,89,2,Mid,Data Analyst
Kimberly,Sanders,1993-04-03,57625,85,16,Mid,Marketing Specialist
Chad,Duffy,1974-08-19,81716,99,8,Junior,Marketing Specialist
Jenny,Berger,1984-01-23,52078,94,2,Junior,Marketing Specialist
Jill,Webster,1965-01-11,83531,73,3,Junior,Data Analyst
Jeffrey,Miller,1985-12-20,96541,74,16,Mid,Project Manager
William,Berry,1974-07-28,72427,65,6,Senior,Project Manager
Todd,Payne,1969-12-08,65502,73,6,Mid,Software Engineer
Christopher,Fisher,1986-02-17,80976,94,2,Senior,HR Manager
Lindsey,Peterson,1993-03-30,74851,63,17,Mid,Sales Executive
James,Kane,1977-10-22,92945,60,18,Senior,Sales Executive
Pamela,Nash,1989-11-18,56614,92,2,Mid,Project Manager
Danielle,Berry,1996-11-07,93789,89,18,Senior,HR Manager
Douglas,Dillon,1990-07-11,61795,96,8,Junior,Data Analyst
Colin,Wilson,1982-09-18,63228,81,5,Mid,Software Engineer
Derrick,Jones,1995-06-24,67651,94,4,Junior,Project Manager
Jennifer,Perez,1995-08-09,84634,96,5,Junior,Data Analyst
Jeffrey,Fitzgerald,1979-02-11,97909,73,20,Mid,Software Engineer
Mario,Rhodes,1986-11-25,79847,77,10,Junior,Project Manager
Allen,Phillips,1982-01-19,88166,62,13,Senior,Marketing Specialist
David,Ramos,1985-05-13,82005,69,8,Senior,Marketing Specialist
Shawn,Hunt,1976-03-28,84986,68,17,Junior,Project Manager
Michelle,Greer,1982-12-05,95185,88,15,Mid,Sales Executive
Victoria,Maldonado,1984-12-17,85331,97,8,Mid,Sales Executive
Samantha,Mcdaniel,1976-08-16,91611,79,2,Mid,Data Analyst
Jacob,Woods,1981-12-27,53203,68,2,Mid,Software Engineer
Kristy,Anderson,1992-12-27,79556,70,18,Mid,HR Manager
Thomas,Baker,1966-02-23,70907,72,2,Senior,Data Analyst
Rebecca,Manning,1965-03-06,55149,80,8,Mid,Marketing Specialist
William,Robinson,1997-04-07,77734,73,18,Senior,Project Manager
Bailey,Morris,1969-12-27,95821,96,7,Junior,Data Analyst
James,West,1983-04-26,83715,75,15,Senior,Software Engineer
Jeffrey,Collins,1977-04-26,86671,78,16,Mid,Project Manager
Sonya,Cunningham,1986-05-14,93842,68,17,Senior,Data Analyst
Brittney,Macdonald,1988-01-18,73259,83,19,Mid,HR Manager
Taylor,Hawkins,1993-11-07,82966,89,10,Mid,Marketing Specialist
Jonathan,Harris,1977-11-26,50336,82,18,Junior,Sales Executive
Melanie,Bailey,1995-03-20,90374,78,2,Senior,HR Manager
Danielle,Rhodes,1987-09-10,77938,87,19,Senior,Project Manager
Mary,Woods,1991-05-18,87516,99,2,Junior,Sales Executive
Diana,Miller,1966-05-12,54249,91,5,Junior,HR Manager
James,Hansen,1974-08-11,60058,61,8,Junior,Sales Executive
Corey,Yu,1970-07-24,50811,93,6,Junior,HR Manager
Grant,Cobb,1986-05-03,85271,98,15,Senior,Software Engineer
Michael,Harrison,1989-05-01,72713,63,6,Mid,Sales Executive
Anthony,Peters,1979-09-05,68683,93,10,Senior,Data Analyst
Deborah,Blankenship,1971-08-01,73974,73,1,Senior,Sales Executive
David,Liu,1991-07-29,65246,75,3,Junior,Sales Executive
Tommy,Young,1964-09-05,99092,91,11,Senior,HR Manager
Dennis,Tucker,1990-09-05,52146,78,18,Senior,Project Manager
Jill,Brown,1986-11-05,59181,96,4,Mid,HR Manager
Todd,Richards,1978-03-22,54843,83,15,Senior,Data Analyst
Adrienne,Wright,1970-03-12,74942,73,4,Mid,Project Manager
Elizabeth,Ortiz,1983-03-26,57701,89,19,Mid,Software Engineer
Joshua,Jones,1977-05-01,67903,97,12,Senior,Project Manager
Levi,Buchanan,1988-07-20,58566,86,5,Senior,Project Manager
Patrick,Stone,1975-11-18,71343,89,1,Mid,Data Analyst
Michael,Harris,1974-01-04,81285,75,18,Mid,Project Manager
David,Hines,1970-08-04,98155,69,12,Senior,Software Engineer
Kathryn,Allen,1985-02-19,84641,66,13,Mid,Marketing Specialist
Robert,Allen,1984-11-24,77670,91,17,Junior,Data Analyst
Teresa,Bowman,1999-08-21,76391,88,18,Senior,Software Engineer
Ruben,Scott,1978-05-25,95391,96,5,Mid,HR Manager
Amber,Bates,1984-08-28,79479,94,6,Mid,Sales Executive
Melanie,Wilson,1995-08-15,64441,66,4,Mid,Project Manager
Patricia,Parker,1994-04-10,60097,70,16,Mid,Data Analyst
Laura,Davis,1976-07-12,92266,65,7,Senior,Software Engineer
Monica,Shah,1983-01-26,80184,100,3,Mid,Data Analyst
Brian,Hansen,1983-09-17,66470,78,2,Senior,Sales Executive
Melinda,Powell,1974-01-10,75584,78,9,Mid,Sales Executive
Raymond,Newton,1967-01-03,90620,89,6,Junior,Data Analyst
Steven,Vaughn,1975-08-13,65322,87,8,Junior,Project Manager
Kyle,White,1994-01-27,73405,96,18,Mid,Project Manager
Jesse,Rogers,1973-05-19,76587,91,19,Junior,Data Analyst
Rodney,Castaneda,1991-05-07,61239,67,15,Senior,Sales Executive
Angela,Adams,1987-12-11,58364,99,17,Mid,Data Analyst
Phyllis,Martinez,1968-06-25,96060,78,11,Junior,Data Analyst
Christopher,Parks,1981-05-03,98133,64,2,Junior,Data Analyst
Anthony,Byrd,1981-01-17,66267,70,9,Senior,Marketing Specialist
David,Little,1991-07-31,91475,64,9,Mid,HR Manager
Monica,Parker,1988-09-12,96816,89,14,Mid,Project Manager
Oscar,Barron,1998-01-13,59734,63,3,Senior,HR Manager
Michael,Ritter,1964-04-09,60866,61,13,Junior,Sales Executive
Sandra,Chaney,1987-03-05,84957,62,14,Senior,Sales Executive
Christopher,Burns,1979-10-23,91953,73,15,Senior,HR Manager
Sarah,Becker,1991-12-08,85844,85,20,Senior,Data Analyst
Tara,Knapp,1974-10-25,90171,63,10,Senior,HR Manager
Jason,Whitaker,1964-12-06,58977,96,11,Senior,Data Analyst
Madison,Hoover,1973-11-22,77149,64,19,Senior,HR Manager
Roger,Valdez,1987-01-14,80334,63,7,Senior,Project Manager
Tyler,Mullins,1992-05-28,61632,83,3,Junior,HR Manager
Adam,Elliott,1974-04-12,89680,97,10,Junior,Software Engineer
Jamie,Perry,1994-10-10,88571,96,15,Junior,Data Analyst
Dominic,Madden,1990-06-30,97827,100,8,Senior,Project Manager
Savannah,Kramer,1982-04-28,65634,79,4,Mid,Software Engineer
Steven,Carpenter,1994-09-28,76256,90,15,Senior,HR Manager
Michael,Gonzalez,1969-02-28,70339,74,20,Mid,Sales Executive
Travis,Cruz,1966-03-29,80490,78,13,Senior,Sales Executive
Amy,Taylor,1973-03-27,89226,68,1,Senior,HR Manager
Erica,Moran,1985-08-02,65662,91,19,Junior,Data Analyst
Alison,Pena,1972-10-24,66865,94,16,Mid,Software Engineer
Walter,Gomez,1968-12-24,72295,97,2,Mid,Sales Executive
Kimberly,Butler,1993-12-07,61493,60,20,Mid,Data Analyst
Corey,Green,1967-02-23,69234,78,10,Mid,HR Manager
Kathryn,Pierce,1969-05-05,76388,64,14,Mid,Software Engineer
Cindy,Freeman,1999-01-12,97029,87,14,Junior,Marketing Specialist
Thomas,Hebert,1976-02-28,66164,80,10,Mid,Data Analyst
Ashley,Harris,1989-10-24,94525,80,12,Mid,Software Engineer
Austin,Higgins,1979-05-15,89398,76,13,Mid,Marketing Specialist
Eric,Ford,1997-02-13,92742,66,4,Junior,Project Manager
Michael,Ray,1983-05-07,77962,68,12,Mid,Data Analyst
Jasmine,Gonzalez,1984-09-11,71740,86,7,Senior,Software Engineer
Carl,Gonzalez,1985-07-06,81354,91,5,Junior,Data Analyst
Nicholas,Sanchez,1980-07-09,69007,67,9,Mid,HR Manager
Nancy,Archer,1988-05-16,53888,66,11,Junior,Software Engineer
Craig,Bennett,1979-10-23,63442,79,12,Junior,Data Analyst
Travis,Chandler,1986-05-22,95681,99,17,Junior,Software Engineer
Meagan,Thomas,1970-05-12,70281,92,11,Mid,Project Manager
Melinda,Young,1970-11-14,92470,97,10,Senior,Software Engineer
Daniel,Martinez,1981-11-02,69925,100,10,Senior,Data Analyst
Katherine,Phillips,1965-06-15,93883,70,20,Mid,Software Engineer
James,Patel,1984-05-18,63990,79,20,Mid,Marketing Specialist
Robin,Anderson,1976-08-22,50778,70,7,Senior,Marketing Specialist
Angela,Parker,1964-05-30,60376,63,4,Mid,HR Manager
Amanda,Parks,1986-06-04,50874,88,3,Mid,Sales Executive
Brittany,Stephens,1977-09-20,66520,64,18,Junior,Software Engineer
Willie,Kelly,1977-10-08,92561,71,18,Junior,Project Manager
John,Gutierrez,1987-08-02,61945,81,13,Senior,Software Engineer
April,Smith,1992-04-12,60881,63,10,Junior,Sales Executive
John,Smith,1999-01-06,73898,60,17,Junior,Sales Executive
Michael,Yang,1996-11-04,64579,96,7,Mid,Software Engineer
Elizabeth,Brown,1986-05-21,57858,65,8,Senior,Sales Executive
Corey,Cardenas,1964-11-20,66171,91,6,Mid,Sales Executive
Tammy,Jennings,1992-04-22,75160,92,8,Junior,Data Analyst
Robin,Erickson,1974-02-14,91091,68,8,Junior,Project Manager
Gavin,Williams,1992-12-23,68142,70,5,Senior,HR Manager
Kevin,Floyd,1978-06-30,81959,99,16,Junior,Data Analyst
Felicia,Holmes,1982-01-31,50247,82,17,Mid,HR Manager
Michael,Dalton,1978-08-27,50413,95,8,Junior,HR Manager
Michael,Kennedy,1982-12-28,95425,87,19,Senior,Software Engineer
Leslie,Delacruz,1973-12-07,50982,74,7,Junior,HR Manager
Laura,Watkins,1972-03-15,85989,92,12,Senior,Sales Executive
Elizabeth,Reyes,1989-09-11,88491,77,13,Mid,Marketing Specialist
Heather,Lewis,1968-05-23,89160,73,13,Senior,Sales Executive
Michele,Richmond,1965-05-02,96608,89,18,Senior,Software Engineer
David,Powell,1991-12-11,59001,85,3,Mid,HR Manager
Alexis,Gray,1979-04-16,95947,76,8,Mid,Marketing Specialist
Jason,Walker,1979-02-23,88725,94,16,Junior,Marketing Specialist
Janet,Alexander,1975-01-06,59982,61,8,Senior,Marketing Specialist
Gail,Boyer,1995-06-30,91277,67,7,Senior,HR Manager
Keith,Rice,1969-11-20,90083,69,2,Mid,Data Analyst
Hannah,Obrien,1996-06-24,94365,63,8,Mid,Marketing Specialist
Rhonda,Herrera,1983-10-06,57117,74,12,Senior,Marketing Specialist
Yolanda,Torres,1982-08-08,83257,64,3,Junior,Project Manager
Marc,Stein,1983-07-13,89116,88,19,Senior,Sales Executive
Brian,Ramirez,1964-02-24,94511,85,17,Senior,Software Engineer
Cynthia,Jones,1967-05-21,53703,80,8,Senior,Marketing Specialist
Kristin,Hall,1999-01-19,56141,100,10,Junior,Project Manager
Michael,Anderson,1998-02-26,77554,90,5,Junior,Software Engineer
